<?xml version="1.0" encoding="UTF-8"?>
<Artists>
	<Artist>
		<Name>The Beatles</Name>
		<Albums>
			<Album>Rubber Soul</Album>
			<Album>Revolver</Album>
			<Album>Sgt. Pepper's Lonely Hearts Club Band</Album>
			<Album>The White Album</Album>
		</Albums>
	</Artist>
	<Artist>
		<Name>Elvis Presley</Name>
		<Albums>
			<Album>Elvis at Sun</Album>
			<Album>Elvis 30 #1 Hits</Album>
		</Albums>
	</Artist>	
	<Artist>
		<Name>John Prine</Name>
		<Albums>
			<Album>John Prine</Album>
			<Album>Sweet Revenge</Album>
		</Albums>
	</Artist>
</Artists>